﻿<?xml version="1.0" encoding="utf-8"?>
<content xml:space="preserve">
<!-- Translations provided by Sergey Zhurikhin -->

  <!-- note text -->
  <item id="notDocumented">Это API не документировано.</item>
  <item id="preliminaryText">Это предварительная документация, которая в будущем может измениться.</item>

	<!-- main window stuff -->
	<item id="productTitle">Библиотека классов .NET Framework</item>

	<!-- inserted boilerplate -->
	<item id="runningHeaderText">Библиотека классов .NET Framework</item>
	<item id="rootLink"><referenceLink target="R:Project">Пространства имён</referenceLink></item>
  <item id="definedBy">(Определяется {0}.)</item>
	<item id="inheritedFrom">(Унаследован от {0}.)</item>
	<item id="overridesMember">(Переопределяет {0}.)</item>
	<item id="locationInformation">Сборка: {0} (Модуль: {1})</item>
 
  <item id="derivedClasses">Производные классы</item>
  <item id="explicitInterfaceImplementation">Явные реализации интерфейсов</item>
  <item id="returnValue">Возвращаемое значение</item>
  <item id="propertyValue">Значение свойства</item>
  <item id="fieldValue">Значение поля</item>
  <item id="example">Пример</item>

  <!-- topic titles -->
  <item id="meta_mshelp_tocTitle">{0}</item>
  <item id="meta_mshelp_rlTitle">{0} ({1})</item>
  <item id="topicTitle_root">Пространства имён</item>
	<item id="topicTitle_namespace">{0} - пространство имён</item>
	<item id="topicTitle_namespaceGroup">{0} - пространства имён</item>
	<item id="topicTitle_class">{0} - класс</item>
	<item id="topicTitle_structure">{0} - структура</item>
	<item id="topicTitle_interface">{0} - интерфейс</item>
	<item id="topicTitle_derivedTypeList">{0} - производные классы</item>
  
	<item id="topicTitle_delegate">{0} - делегат</item>
	<item id="topicTitle_enumeration">{0} - перечисление</item>
	<item id="topicTitle_field">{0} - поле</item>
	<item id="topicTitle_method">{0}{1} - метод</item>
	<item id="topicTitle_constructor">{0}{1} - конструктор</item>
	<item id="topicTitle_property">{0}{1} - свойство</item>
	<item id="topicTitle_event">{0} - событие</item>
  
  <!-- title for operator members -->
	<item id="topicTitle_operator">{0}{1} - оператор</item>

  <!-- title for op_explicit and op_implicit members -->
  <item id="topicTitle_typeConversion">{0} - преобразование {1}</item>
  <!-- title for overload op_explicit and op_implicit topics -->
  <item id="topicTitle_conversionOperator">{0} - операторы преобразования</item>
      
	<item id="topicTitle_attachedProperty">{0} - вложенное свойство</item>
	<item id="topicTitle_attachedEvent">{0} - вложенное событие</item>

  <item id="generic"> generic</item>
  <item id="topicTitle_generic_class">{0} - универсальный класс</item>
  <item id="topicTitle_generic_structure">{0} - универсальная структура</item>
  <item id="topicTitle_generic_interface">{0} - универсальный интерфейс</item>
  <item id="topicTitle_generic_delegate">{0} - универсальный делегат</item>
  <item id="topicTitle_generic_method">{0}{1} - универсальный метод</item>
  
	<!-- list topic titles -->
	<item id="topicTitle_fields">{0} - поля</item>
	<item id="topicTitle_methods">{0} - методы</item>
	<item id="topicTitle_enumMembers">Члены</item>
  
  <!-- title for operator list topic that has [operators + no type conversions] -->
  <item id="topicTitle_operators">{0} - операторы</item>
  <!-- title for operator list topic that has [operators + type conversions] -->
  <item id="topicTitle_operatorsAndTypeConversions">{0}  - операторы и преобразования типов</item>
  <!-- title for operator list topic that has [no operators + type conversions] -->
  <item id="topicTitle_typeConversions">{0} - преобразования типов</item>
  
	<item id="topicTitle_constructors">{0} - конструкторы</item>
	<item id="topicTitle_properties">{0} - свойства</item>
	<item id="topicTitle_events">{0} - события</item>
	<item id="topicTitle_attachedProperties">{0} - вложенные свойства</item>
 	<item id="topicTitle_attachedEvents">{0} - вложенные события</item>
	<item id="topicTitle_members">{0} - члены</item>

	<!-- index entries -->
	<item id="indexEntry_root">Пространства имён</item>
  <item id="indexEntry_namespace">{0} - пространство имён</item>
  <item id="indexEntry_class">{0} - класс</item>
	<item id="indexEntry_structure">{0} - структура</item>
	<item id="indexEntry_interface">{0} - интерфейс</item>
	<item id="indexEntry_delegate">{0} - делегат</item>
	<item id="indexEntry_enumeration">{0} - перечисление</item>
  <item id="indexEntry_enumerationMember">{0} - член перечисления</item>
  <item id="indexEntry_aboutType">{0}, о {0}</item>
  <item id="indexEntry_derivedTypes">{0}, производные типы</item>
  <item id="indexEntry_members">{0}, все члены</item>
  <item id="indexEntry_methods">{0}, методы</item>
  <!-- index entry for operator list topic that has [operators + no type conversions] -->
  <item id="indexEntry_operators">{0}, операторы</item>
  <!-- index entry for operator list topic that has [operators + type conversions] -->
  <item id="indexEntry_operatorsAndTypeConversions">{0}, операторы и преобразования типов</item>
  <!-- index entry for operator list topic that has [no operators + type conversions] -->
  <item id="indexEntry_typeConversions">{0}, преобразования типов</item>
  <!-- index entries for op_explicit and op_implicit members -->
  <item id="indexEntry_conversionOperator">{0} преобразования</item>
  <item id="indexEntry_properties">{0}, свойства</item>
  <item id="indexEntry_fields">{0}, поля</item>
  <item id="indexEntry_events">{0}, события</item>
  <item id="indexEntry_attachedProperties">{0}, вложенные свойства</item>
  <item id="indexEntry_attachedEvents">{0}, вложенные события</item>
	<item id="indexEntry_constructors">{0}, конструкторы</item>
	<item id="indexEntry_constructor">{0}, конструктор</item>
	<item id="indexEntry_constructorType">{0} конструктор</item>
  <item id="indexEntry_method">{0} метод</item>
	<item id="indexEntry_property">{0} свойство</item>
	<item id="indexEntry_event">{0} событие</item>
	<item id="indexEntry_field">{0} поле</item>
	<item id="indexEntry_operator">{0} оператор</item>
	<item id="indexEntry_attachedProperty">{0} вложенное свойство</item>
	<item id="indexEntry_attachedEvent">{0} вложенное событие</item>
	<item id="indexEntry_methodExplicit">{0} явно реализованный метод</item>
	<item id="indexEntry_propertyExplicit">{0} явно реализованное свойство</item>
	<item id="indexEntry_eventExplicit">{0} явно реализованное событие</item>
	<item id="indexEntry_fieldExplicit">{0} явно реализованное поле</item>

	<!-- section titles -->
	<item id="title_syntax">Синтаксис</item>
	<item id="title_templates">Параметры типа</item>
	<item id="title_parameters">Параметры</item>
	<item id="title_value">Значение</item>
	<item id="title_delegateValue">Возвращаемое значение</item>
	<item id="title_methodValue">Возвращаемое значение</item>
	<item id="title_propertyValue">Значение свойства</item>
	<item id="title_fieldValue">Значение поля</item>
  <item id="title_implements">Реализации</item>
	<item id="title_examples">Примеры</item>
	<item id="title_threadSafety">Потокобезопасность</item>
	<item id="title_permissions">Безопасность платформы .NET Framework</item> 
	<item id="title_namespaces">Пространства имён</item>
	<item id="title_types">Типы</item>
	<item id="title_family">Иерархия наследования</item>
	<item id="title_versions">Сведения о версии</item>
	<item id="title_platforms">Платформы</item>
  <item id="title_relatedTopics">См. также</item>
  <item id="title_extensionUsage">Примечание об использовании</item>
  <item id="text_extensionUsage">В Visual Basic и C# этот метод можно вызывать как метод экземпляра для любого объекта типа {0}. При вызове метода для экземпляра следует опускать первый параметр. Дополнительные сведения см. в разделе <a href="http://msdn.microsoft.com/ru-ru/library/bb384936.aspx" target="_blank">Методы расширения (Visual Basic)</a> или <a href="http://msdn.microsoft.com/ru-ru/library/bb383977.aspx" target="_blank">Методы расширения (Руководство по программированию в C#)</a>.</item>
	<item id="text_moreInheritance">Подробнее...</item>

	<!-- table headers -->
	<item id="header_namespaceName">Пространство имён</item>
	<item id="header_namespaceDescription">Описание</item>
	<item id="header_typeIcon">Значок</item>
  <item id="header_className">Класс</item>
  <item id="header_structureName">Структура</item>
  <item id="header_interfaceName">Интерфейс</item>
  <item id="header_delegateName">Делегат</item>
  <item id="header_enumerationName">Перечисление</item>
  
	<item id="header_typeName">Имя</item>
	<item id="header_typeDescription">Описание</item>
	<item id="header_memberIcon">Значок</item>
	<item id="header_memberName">Имя члена</item>
	<item id="header_memberValue">Значение</item>
	<item id="header_memberDescription">Описание</item>
	<item id="header_eventTypeHeader">Тип события</item>
	<item id="header_eventReasonHeader">Причина события</item>
	<item id="header_exceptionName">Исключение</item>
	<item id="header_exceptionCondition">Условие</item>
	<item id="header_permissionName">Разрешение</item>
	<item id="header_permissionDescription">Описание</item>
  <item id="header_requiresName">Предусловия</item>
  <item id="header_ensuresName">Постусловия</item>
  <item id="header_ensuresOnThrowName">Постусловия при возникновении исключений</item>
  <item id="header_invariantsName">Инварианты</item>

	<item id="header_revHistoryDate">Дата</item>
	<item id="header_revHistoryVersion">Версия</item>
	<item id="header_revHistoryDescription">Описание</item>

  <!-- member list table titles -->
	<item id="tableTitle_class">Классы</item>
	<item id="tableTitle_structure">Структуры</item>
	<item id="tableTitle_interface">Интерфейсы</item>
	<item id="tableTitle_delegate">Делегаты</item>
	<item id="tableTitle_enumeration">Перечисления</item>
  <item id="tableTitle_constructor">Конструкторы</item>
  <item id="tableTitle_method">Методы</item>
  <item id="tableTitle_operator">Операторы</item>
  <item id="tableTitle_field">Поля</item>
  <item id="tableTitle_property">Свойства</item>
  <item id="tableTitle_event">События</item>
  <item id="tableTitle_attachedEvent">Вложенные события</item>
  <item id="tableTitle_attachedProperty">Вложенные свойства</item>
  <item id="tableTitle_explicitInterfaceImplementation">Явные&#160;реализации&#160;интерфейсов</item>
	<item id="tableTitle_overloadMembers">Список&#160;перегрузок</item>
  <item id="tableTitle_extensionMethod">Методы&#160;расширения</item>

  <!-- Thread Safety -->
  <item id="text_threadSafety">Потокобезопасность</item>
  <item id="boilerplate_threadSafety">Любые открытые члены этого типа, объявленные как <include item="devlang_staticKeyword"/>, являются потокобезопасными. Потокобезопасность членов экземпляров не гарантируется.</item>

  <item id="text_staticThreadSafe">Статические члены этого типа, являются безопасными для многопоточных операций. </item>
  <item id="text_staticNotThreadSafe">Статические члены этого типа, являются небезопасными для многопоточных операций. </item>
  <item id="text_instanceThreadSafe">Члены экземпляра этого типа, являются безопасными для многопоточных операций. </item>
  <item id="text_instanceNotThreadSafe">Члены экземпляра этого типа, являются небезопасными для многопоточных операций. </item>
  
  <item id="text_NotesForImplementers">Примечания для реализующих объектов</item>
  <item id="text_NotesForCallers">Примечания для вызывающих объектов</item>
  <item id="text_NotesForInheritors">Примечания для наследников</item>
  
  <!-- boilerplate intro to member list tables -->
  <item id="genericExposedMembersTableText">Универсальный тип {0} предоставляет следующие члены.</item>
  <item id="exposedMembersTableText">Тип {0} предоставляет следующие члены.</item>	

  <item id="dependencyPropertyInfoHeading">Информация о свойстве зависимостей</item>
  <item id="routedEventInfoHeading">Информация о перенаправленном событии</item>
  <item id="mrefTaskMoreCodeHeading">Дополнительно</item>

  <item id="Overloaded">Перегружен. </item>
  <item id="defaultNamespace">(пространство имён по-умолчанию)</item>
  
  <item id="typeLink">Тип:&#160;{0}</item>
  <!-- First line of a param or retval description is a link to the type of the param or retval.
       This boilerplate is used if the type is a type parameter of the member's type. -->
  <item id="typeLinkToTypeParameter"><strong>{0}</strong> - параметр типа {1}.</item>
  
	<!-- Host protection boilerplate text -->
  <item id="text_hostProtectionAttribute">HostProtectionAttribute. </item>
	<item id="boilerplate_hostProtectionAttribute">Примененный к данному типу или члену атрибут <referenceLink target="T:System.Security.Permissions.HostProtectionAttribute" 
                   prefer-overload="true" /> имеет следующее значение свойства <referenceLink target="P:System.Security.Permissions.HostProtectionAttribute.Resources" 
                   prefer-overload="true" />: {1}. Атрибут <referenceLink target="T:System.Security.Permissions.HostProtectionAttribute" 
                   prefer-overload="true" /> не оказывает влияния на настольные приложения (обычно запускаемые двойным щелчком значка, вводом команды или URL-адреса в обозревателе). Дополнительные сведения см. в описании класса <referenceLink target="T:System.Security.Permissions.HostProtectionAttribute" 
                   prefer-overload="true" /> или в разделе <a href="http://msdn.microsoft.com/ru-ru/library/ms172338.aspx" target="_blank">программирование SQL Server и атрибуты защиты основного приложения</a>.</item>

	<!-- Obsolete boilerplate text -->
  <item id="boilerplate_obsoleteShort"><strong>Устарело. </strong></item>
  <item id="boilerplate_obsoleteLong"><strong>Примечание: Данный API устарел.</strong></item>

	<!-- Group and SubGroup text -->
	<item id="text_classLower">класс</item>
  <item id="text_delegateLower">делегат</item>
  <item id="text_structureLower">структура</item>
  <item id="text_interfaceLower">интерфейс</item>
  <item id="text_enumerationLower">перечисление</item>

  <item id="text_classUpper">Класс</item>
  <item id="text_structureUpper">Структура</item>
  <item id="text_interfaceUpper">Интерфейс</item>
  <item id="text_delegateUpper">Делегат</item>
  <item id="text_enumerationUpper">Перечисление</item>

	<item id="text_classTypesLower">классы</item>
	<item id="text_structureTypesLower">структуры</item>
	<item id="text_interfaceTypesLower">интерфейсы</item>
	<item id="text_delegateTypesLower">делегаты</item>
	<item id="text_enumerationTypesLower">перечисления</item>
  
	<item id="text_classTypesUpper">Классы</item>
	<item id="text_structureTypesUpper">Структуры</item>
	<item id="text_interfaceTypesUpper">Интерфейсы</item>
	<item id="text_delegateTypesUpper">Делегаты</item>
	<item id="text_enumerationTypesUpper">Перечисления</item>

  <item id="text_membersLower">члены</item>
  <item id="text_methodsLower">методы</item>
  <item id="text_propertiesLower">свойства</item>
  <item id="text_eventsLower">события</item>
  <item id="text_fieldsLower">поля</item>
  <item id="text_operatorsLower">операторы</item>
  <item id="text_attachedPropertiesLower">вложенные свойства</item>
  <item id="text_attachedEventsLower">вложенные события</item>

  <item id="text_membersUpper">Члены</item>
  <item id="text_methodsUpper">Методы</item>
  <item id="text_propertiesUpper">Свойства</item>
  <item id="text_eventsUpper">События</item>
  <item id="text_fieldsUpper">Поля</item>
  <item id="text_operatorsUpper">Операторы</item>
  <item id="text_attachedPropertiesUpper">Вложенные свойства</item>
  <item id="text_attachedEventsUpper">Вложенные события</item>

	<!-- alt text for images -->
  <item id="altText_pubClass">Открытый класс</item>
  <item id="altText_pubStructure">Открытая структура</item>
  <item id="altText_pubInterface">Открытый интерфейс</item>
  <item id="altText_pubDelegate">Открытый делегат</item>
  <item id="altText_pubEnumeration">Открытое перечисление</item>
  <item id="altText_protClass">Защищённый класс</item>
  <item id="altText_protStructure">Защищённая структура</item>
  <item id="altText_protInterface">Защищённый интерфейс</item>
  <item id="altText_protDelegate">Защищённый делегат</item>
  <item id="altText_protEnumeration">Защищённое перечисление</item>
  <item id="altText_privClass">Закрытый класс</item>
  <item id="altText_privStructure">Закрытая структура</item>
  <item id="altText_privInterface">Закрытый интерфейс</item>
  <item id="altText_privDelegate">Закрытый делегат</item>
  <item id="altText_privEnumeration">Закрытое перечисление</item>

  <item id="altText_pubConstructor">Открытый конструктор</item>
  <item id="altText_pubMethod">Открытый метод</item>
  <item id="altText_pubField">Открытое поле</item>
  <item id="altText_pubProperty">Открытое свойство</item>
  <item id="altText_pubEvent">Открытое событие</item>
  <item id="altText_pubOperator">Открытый оператор</item>
  <item id="altText_pubAttachedProperty">Открытое вложенное свойство</item>
  <item id="altText_pubAttachedEvent">Открытое вложенное событие</item>
  <item id="altText_protConstructor">Защищённый конструктор</item>
  <item id="altText_protMethod">Защищённый метод</item>
  <item id="altText_protField">Защищённое поле</item>
  <item id="altText_protProperty">Защищённое свойство</item>
  <item id="altText_protEvent">Защищённое событие</item>
  <item id="altText_protOperator">Защищённый оператор</item>
  <item id="altText_protAttachedProperty">Защищённое вложенное свойство</item>
  <item id="altText_protAttachedEvent">Защищённое вложенное событие</item>
  <item id="altText_privConstructor">Закрытый конструктор</item>
  <item id="altText_privMethod">Закрытый метод</item>
  <item id="altText_privField">Закрытое поле</item>
  <item id="altText_privProperty">Закрытое свойство</item>
  <item id="altText_privEvent">Закрытое событие</item>
  <item id="altText_privOperator">Закрытый оператор</item>
  <item id="altText_privtAttachedProperty">Закрытое вложенное свойство</item>
  <item id="altText_privAttachedEvent">Закрытое вложенное событие</item>
  <item id="altText_static">Статический член</item>
  <item id="altText_pubextension">Открытый метод расширения</item>
  <item id="altText_protextension">Защищённый метод расширения</item>
  <item id="altText_privextension">Закрытый метод расширения</item>

  <item id="altText_CompactFramework">Поддерживается платформой .NET Compact Framework</item>
  <item id="altText_XNAFramework">Поддерживается платформой XNA Framework</item>
  <item id="altText_SilverlightMobile">Поддерживается платформой <include item="silverlight_mobile"/></item>
  <item id="altText_ExplicitInterface">Явные реализации интерфейса</item>
  <item id="altText_CodeExample">Пример кода</item>

  <item id="boilerplate_seeAlsoNamespaceLink">{0} - пространство имён</item>
  <item id="boilerplate_seeAlsoTypeLink">{0} - <include item="text_{1}Lower"/></item>
  <item id="boilerplate_seeAlsoMembersLink">{0} - члены</item>
  <item id="boilerplate_seeAlsoOverloadLink">{0} - перегрузка</item>

  <item id="boilerplate_requirementsNamespace">
    <strong>Пространство имён:</strong> 
  </item>

  <item id="boilerplate_requirementsPlatforms">
    <strong>Платформы:</strong> {0}
  </item>

  <item id="boilerplate_requirementsAssemblies">
    <strong>Сборки:</strong>
  </item>

  <item id="boilerplate_requirementsAssemblyLabel">
    <strong>Сборка:</strong>
  </item>

	<item id="assemblyNameAndModule">{0} (в {1}.{2}) Версия: {3}</item>

  <item id="boilerplate_requirementsAssembly">
    <strong>Сборка:</strong> {0} (в {1}.dll)
  </item>

  <!-- Used for Version Information Section -->
  <item id="supportedIn_1">Поддерживается в: {0}</item>
  <item id="supportedIn_2">Поддерживается в: {0}, {1}</item>
  <item id="supportedIn_3">Поддерживается в: {0}, {1}, {2}</item>
  <item id="supportedIn_4">Поддерживается в: {0}, {1}, {2}, {3}</item>
  <item id="supportedIn_5">Поддерживается в: {0}, {1}, {2}, {3}, {4}</item>
  <item id="supportedIn_6">Поддерживается в: {0}, {1}, {2}, {3}, {4}, {5}</item>
  <item id="supportedIn_7">Поддерживается в: {0}, {1}, {2}, {3}, {4}, {5}, {6}</item>
  <item id="supportedIn_8">Поддерживается в: {0}, {1}, {2}, {3}, {4}, {5}, {6}, {7}</item>
  <item id="supportedIn_9">Поддерживается в: {0}, {1}, {2}, {3}, {4}, {5}, {6}, {7}, {8}</item>
  <item id="supportedIn_10">Поддерживается в: {0}, {1}, {2}, {3}, {4}, {5}, {6}, {7}, {8}, {9}</item>
  <item id="supportedIn_11">Поддерживается в: {0}, {1}, {2}, {3}, {4}, {5}, {6}, {7}, {8}, {9}, {10}</item>
  <item id="supportedIn_12">Поддерживается в: {0}, {1}, {2}, {3}, {4}, {5}, {6}, {7}, {8}, {9}, {10}, {11}</item>
  <item id="supportedIn_13">Поддерживается в: {0}, {1}, {2}, {3}, {4}, {5}, {6}, {7}, {8}, {9}, {10}, {11}, {12}</item>
  <item id="supportedIn_14">Поддерживается в: {0}, {1}, {2}, {3}, {4}, {5}, {6}, {7}, {8}, {9}, {10}, {11}, {12}, {13}</item>
  <item id="supportedIn_15">Поддерживается в: {0}, {1}, {2}, {3}, {4}, {5}, {6}, {7}, {8}, {9}, {10}, {11}, {12}, {13}, {14}</item>
  <item id="supportedIn_16">Поддерживается в: {0}, {1}, {2}, {3}, {4}, {5}, {6}, {7}, {8}, {9}, {10}, {11}, {12}, {13}, {14}, {15}</item>
  <item id="obsoleteWarning">Устарело (предупреждение компилятора) в {0}</item>
  <item id="obsoleteError">Устарело (не компилируется) в {0} и более поздних версиях</item>
  	
	<!-- APTCA Boilerplate text -->
	<item id="boilerplate_aptca">Полное доверие для модуля немедленного вызова. Данный элемент не может использоваться кодом с частичным доверием. Дополнительные сведения см. в разделе <a href="http://msdn.microsoft.com/ru-ru/library/8skskf63.aspx" target="_blank">Использование библиотек из не вполне надежного кода</a>.</item>
  
  <!-- Variance boilerplate text -->
  <item id="text_covariant">Этот параметр типа является ковариантным. Это означает, что можно использовать либо указанный тип, либо более производный тип. </item>
  <item id="text_contravariant">Этот параметр типа является контрвариантным. Это означает, что можно использовать либо указанный тип, либо менее производный тип. </item>
  <item id="text_variance">Дополнительные сведения о ковариации и контрвариации см. в разделе <a href="http://msdn.microsoft.com/ru-ru/library/ee207183.aspx" target="_blank">Ковариация и контравариация в универсальных шаблонах</a>.</item>
  
  <!-- Non-CLS Compliant boilerplate text-->
  <item id="boilerplate_NotClsCompliant">Этот интерфейс API CLS-несовместим.</item>
  <item id="boilerplate_AltClsCompliant">CLS-совместимая альтернатива - {0}.</item>
  
  <!-- Security Critical Boilerplate text-->
  <item id="boilerplate_typeSecurityCritical">Этот тип имеет атрибут SecurityCriticalAttribute, который делает его пригодным только для внутреннего использования библиотекой классов .NET Framework для Silverlight. При попытке обращения к любому члену этого типа из прикладного кода вызывается исключение MethodAccessException.</item>
  <item id="boilerplate_memberSecurityCritical">Этот член имеет атрибут SecurityCriticalAttribute, который делает его пригодным только для внутреннего использования библиотекой классов .NET Framework для Silverlight. При попытке обращения к этому члену из прикладного кода вызывается исключение MethodAccessException.</item>
  <item id="text_securityCritical">[ВАЖНЫЙ ЭЛЕМЕНТ БЕЗОПАСНОСТИ] </item>
  
  <!-- Overload page boilerplate -->
  <item id="boilerplate_overloadSummary">Этот член перегружен. Для получения полной информации о данном члене, включая синтаксис, использование и примеры, щелкните имя в списке перегрузок.</item>

  <!-- Platforms Information and Platform Notes --> 
  <item id="boilerplate_PlatformNote">
	  <strong>Примечание для платформы {0}:</strong> {1}
  </item>
  <item id="boilerplate_systemRequirementsLink">
	  <p><include item="netfw"/> и <include item="netcfw"/> поддерживают не все версии каждой платформы. Поддерживаемые версии перечислены в разделе <a href="http://msdn.microsoft.com/ru-ru/library/8z6watww.aspx" target="_blank">Требования к системе для .NET Framework</a>.</p>
  </item>
  
  <!-- Platforms boilerplate for Silverlight mref builds --> 
  <item id="boilerplate_silverlightPlatforms">
    Список операционных систем и браузеров, поддерживаемых <include item="silverlight"/>, см. в разделе <a href="http://msdn.microsoft.com/ru-ru/library/dd229102.aspx" target="_blank">Поддерживаемые операционные системы и браузеры</a>.
  </item>

 	<item id="Win95">Windows 95</item>
	<item id="Win98Se">Windows 98 Second Edition</item>
	
	<item id="WinNT4">Windows NT 4.0</item>
	<item id="WinNT4Svr">Windows NT Server 4.0</item>
	<item id="WinNT4Wks">Windows NT Workstation 4.0</item>
	
	<item id="Win2kFamily">Windows 2000</item>
	<item id="Win2kProfessional">Windows 2000 Professional</item>
	<item id="Win2kServer">Windows 2000 Server</item>
	<item id="Win2kDatacenter">Windows 2000 Advanced Server</item>
	
	<item id="WinXPPersonal">Windows XP Home Edition</item>
	<item id="WinXPPro">Windows XP Professional x64 Edition</item>
	<item id="WinXPSvr"><include item="WinSvr2003"/></item>
	<item id="WinXpTablet">Windows XP Tablet PC Edition</item>
	<item id="WinXpEmbedded">Windows XP Embedded</item>
	
	<item id="ECMACLI">Common Language Infrastructure (CLI) Standard</item>
	
	<item id="MSTV">Microsoft TV</item>
		
	<item id="Win9xFamily"><include item="Win95"/>, <include item="Win98"/>, <include item="Win98Se"/>, <include item="WinME"/></item>
	<item id="WinNt4Family"><include item="WinNT4"/></item>
	<item id="WinXpFamily"><include item="WinXPPersonal"/>, <include item="WinXPPro"/>, <include item="WinXPSvr"/></item>
	<item id="WinCE"><include item="WindowsCE"/></item>
	<item id="Win2K"><include item="WinSvr2000"/></item>
	<item id="Win2KSvr"><include item="Win2kServer"/></item>
	<item id="Win2KADC"><include item="Win2kDatacenter"/></item>
	
	<item id="WinNt4Server"><include item="WinNT4Svr"/></item>
	<item id="WinNt4Workstation"><include item="WinNT4Wks"/></item>
	<item id="Win2kAdvanced"><include item="Win2kDatacenter"/></item>
	<item id="Win2kServerApplianceKit"></item>
	<item id="WinXpHome"><include item="WinXPPersonal"/></item>
	<item id="WinXpProfessional"><include item="WinXPPro"/></item>
	<item id="Win2003Server"><include item="WinXPSvr"/></item>
	<item id="NETCF"><include item="PocketPC"/>, <include item="SmartPhone"/>, <include item="WindowsCE"/></item>
  
  <item id="XNA"><include item="Xbox360"/>, <include item="Zune" /></item>
       
  <!-- platform names that appear in the Platforms section on mref type and member pages 
       The id values must be in sync with the platform/@name values used in the manifold  platformFilters.xml filter files.
       These values are also used in <platformNotes>
  -->
  <item id="Win98">Windows 98</item>
  <item id="WinME">Windows Millennium Edition</item>
  <item id="WinSvr2000">Windows Server 2000 SP4</item>
  <item id="WinXPPro64">Windows XP Professional x64 Edition</item>
  <item id="WinXP">Windows XP SP3</item>
  <item id="WindowsCE">Windows CE</item>
  <item id="PocketPC">Windows Mobile for Pocket PC</item>
  <item id="SmartPhone">Windows Mobile for Smartphone</item>
  <item id="WinSvr2003">Windows Server 2003</item>
  <item id="WinSvr2008">Windows Server 2008</item>
  <item id="WinSvr2008R2">Windows Server 2008 R2</item>
  <item id="WinXpMediaCenter">Windows XP Media Center Edition</item>
  <item id="WinXPSE">Windows XP Starter Edition</item>
  <item id="WinVista">Windows Vista</item>
  <item id="Win7">Windows 7</item>
  <item id="Xbox360">Xbox 360</item>
  <item id="Zune">Zune</item>

  <!-- framework ids:  
       These shared content item strings are used for the headings in the Version Information section 
       These ids must be in sync with the ids used in the config file for VersionBuilder.
  -->
  <item id="netfw">.NET Framework</item>
  <item id="netcfw">.NET Compact Framework</item>
  <item id="xnafw">XNA Framework</item>
  <item id="silverlight">Silverlight</item>
  <item id="silverlight_mobile">Silverlight for Windows Phone</item>
  
  <!-- framework version ids
       These shared content item strings are used in the Version Information section.
       These ids must be in sync with the ids used in the config file for VersionBuilder.
       The ids are also used in the platformFilters.xml filter files to indicate the framework version supported by each platform
  -->
  <item id="netfw40">4.0</item>
  <item id="netfw35_1">3.5 SP1</item>
  <item id="netfw35">3.5</item>
  <item id="netfw30_1">3.0 SP1</item>
  <item id="netfw30">3.0</item>
  <item id="netfw20_1">2.0 SP1</item>
  <item id="netfw20">2.0</item>
  <item id="netfw11">1.1</item>
  <item id="netfw10">1.0</item>

  <item id="netcfw37">3.7</item>
  <item id="netcfw35">3.5</item>
  <item id="netcfw20">2.0</item>
  <item id="netcfw10">1.0</item>

  <item id="xnafw10">1.0</item>

  <!-- silverlight version ids used in Version Information section. -->
  <item id="silverlight10">1.0</item>
  <item id="silverlight20">2.0</item>
  <item id="silverlight_v3">3.0</item>
  <item id="silverlight_v4">4.0</item>
  <item id="silverlight_mobile_v1">Windows Phone OS 7.0</item>

  <!-- Used in the Requirements section to display an xmlns URI for apis that can be used in XAML -->
  <item id="boilerplate_xamlXmlnsRequirements"><strong>XMLNS для XAML:</strong> {0}</item>
  <item id="boilerplate_unmappedXamlXmlns">не имеет соответствия в xmlns.</item>

  <item id="boilerplate_secondaryFrameworkOverride"><br/><br/>В <include item="{0}"/>, этот член переопределён как {1}.</item>
  <item id="boilerplate_secondaryFrameworkInherited"><br/><br/>В <include item="{0}"/>&#160;<include item="{1}"/>, этот член унаследован от {2}{3}{4}.</item>
  <item id="boilerplate_secondaryFrameworkMember"><br/><br/>В <include item="{0}"/>&#160;<include item="{1}"/>, этот метод является {2}.</item>
  
  <item id="boilerplate_useBaseSummary">Этот член переопределяет {0}.</item>
  <item id="boilerplate_useBaseSee">См. {0}.</item>
  <item id="boilerplate_useBase">Этот член переопределяет {0}; по данной теме может быть доступна более полная документация.</item>

  <item id="boilerplate_flagsSummary">Это перечисление имеет атрибут {0}, поддерживающий побитовое соединение составляющих его значений.</item>

	<!-- Legacy content -->
	<item id="familyTitle"><include item="title_family"/></item>
  <item id="allMembersTitle">Члены</item>
	<item id="membersTitle">Список перегрузки</item>
  <item id="hostProtectionAttributeShort"><include item="text_hostProtectionAttribute"/></item>
	<item id="classLower"><include item="text_classLower"/></item>
  <item id="delegateLower"><include item="text_delegateLower"/></item>
  <item id="structureLower"><include item="text_structureLower"/></item>
  <item id="interfaceLower"><include item="text_interfaceLower"/></item>
  <item id="enumerationLower"><include item="text_enumerationLower"/></item>
  <item id="SeeAlsoNamespaceLinkText"><include item="boilerplate_seeAlsoNamespaceLink"><parameter>{0}</parameter></include></item>
  <item id="SeeAlsoTypeLinkText"><include item="boilerplate_seeAlsoTypeLink"><parameter>{0}</parameter><parameter>{1}</parameter></include></item>
  <item id="SeeAlsoMembersLinkText"><include item="boilerplate_seeAlsoMembersLink"><parameter>{0}</parameter></include></item>
  <item id="SeeAlsoOverloadLinkText"><include item="boilerplate_seeAlsoOverloadLink"><parameter>{0}</parameter></include></item>
  <item id="nonScrollingTypeLinkText"><include item="boilerplate_seeAlsoTypeLink"><parameter>{0}</parameter><parameter>{1}</parameter></include></item>

  <!-- Show Missing Component messages -->
  <item id="SMCAutoDocConstructor">Инициализирует новый экземпляр класса <referenceLink target="T:{0}" /></item>
  <item id="SMCAutoDocStaticConstructor">Инициализирует статические члены класса <referenceLink target="T:{0}" /></item>
  <item id="SMCAutoDocDispose">Освобождает все ресурсы, используемые объектом <referenceLink target="T:{0}" /></item>
  <item id="SMCAutoDocDisposeBool">Освобождает неуправляемые ресурсы, используемые объектом <referenceLink target="T:{0}" />, а при необходимости освобождает также управляемые ресурсы</item>
  <item id="SMCAutoDocDisposeParam">Значение true позволяет освободить управляемые и неуправляемые ресурсы; значение false позволяет освободить только неуправляемые ресурсы.</item>
  <item id="SMCMissingTag"><p style="color: #dc143c; font-size: 8.5pt; font-weight: bold;">[&lt;{0}&gt; отсутствует в документации для "{1}"]</p></item>
  <item id="SMCMissingParamTag"><p style="color: #dc143c; font-size: 8.5pt; font-weight: bold;">[&lt;{0} name="{1}"/&gt; отсутствует в документации для "{2}"]</p></item>
  <item id="SMCMissingIncludeTarget"><p style="color: #dc143c; font-size: 8.5pt; font-weight: bold;">[&lt;include&gt; отсутствует в '{0}'.  Файл: '{1}' Путь: '{2}']</p></item>
</content>
